id,full_name,contact_number,room_number,gmail_address,college_name,aadhaar_url,created_at
3a1f0f10-2723-4a83-a709-65e63ed769d6,Allison Hill,2181960013,117,jennifermiles@robinson-lawrence.com,Wolfe LLC College,fake/0_aadhaar.png,2025-05-16T18:26:20.049687
eb42cc60-0d75-40d3-b426-fad1ff0014c8,Daniel Gallagher,1615594078,114,barbara10@hotmail.com,Mejia Inc College,fake/1_aadhaar.png,2025-06-25T18:26:20.050599
91b6abe4-94e8-4ab8-8f9e-64e63b1c5318,Sharon James,5255341928,126,veronica83@hotmail.com,Cameron-Parsons College,fake/2_aadhaar.png,2025-07-02T18:26:20.051489
17c1a3dc-3fe0-499c-bfe8-e4eb576efe7c,Andrew Stewart,1395376724,155,zhurst@yahoo.com,Osborn and Sons College,fake/3_aadhaar.png,2025-06-05T18:26:20.052225
e05e2a1d-14f4-4abe-bb6b-4bbb71693258,Ann Williams,2269166978,134,kayla51@graham-chavez.com,"Gill, Romero and Rodriguez College",fake/4_aadhaar.png,2025-07-03T18:26:20.05362
5179a1eb-19f9-4e16-b37c-9b54588d25b1,Sarah Romero,2528809570,114,allenashley@miller.com,"Cannon, Anderson and Alvarez College",fake/5_aadhaar.png,2025-05-10T18:26:20.054835
2b8791c1-e304-42ee-8ad5-923a7cdfc06f,Deborah Brennan,3834657871,167,chapmanjerry@gmail.com,Jones Ltd College,fake/6_aadhaar.png,2025-06-05T18:26:20.055598
e1e9d5f2-348a-40e6-b339-a09e19435fc9,Austin Johnson,1834738299,181,clintonhopkins@yahoo.com,Jenkins-Shields College,fake/7_aadhaar.png,2025-06-22T18:26:20.056511
fd9e75c7-12d1-4742-af8e-55b7843e24ae,Matthew Lucas,6513338726,123,ramosmichelle@garcia.com,House and Sons College,fake/8_aadhaar.png,2025-06-11T18:26:20.057799
0e014e6e-0cca-4c5c-89a3-3a736c2c1e51,John Lewis,0260647468,129,tanyariley@hotmail.com,Adkins Inc College,fake/9_aadhaar.png,2025-05-10T18:26:20.058618
55b0e348-5f51-42b9-a6e9-8b246e949026,John Calhoun,0812191361,128,barnesbrandy@stewart.com,Baker and Sons College,fake/10_aadhaar.png,2025-05-14T18:26:20.05979
d5670611-65ce-4736-9ca2-6866024d065d,Elizabeth Stewart,0799118384,136,justin78@turner.net,Contreras PLC College,fake/11_aadhaar.png,2025-06-18T18:26:20.060906
4ff5ae11-2558-40d2-9eed-8bf287c021da,Matthew Mcmillan,4118244935,150,rebecca01@hotmail.com,Calderon-Williams College,fake/12_aadhaar.png,2025-06-09T18:26:20.061746
099fbd4e-50d6-4e1c-90ad-2bb0b8327dee,Carlos Whitney,7868011280,123,tanderson@nolan-flynn.com,Clark-Wright College,fake/13_aadhaar.png,2025-05-14T18:26:20.062813
20c078b9-5d1b-43c4-af69-527f79cc9fd9,Richard Henson,9232260256,124,ebrennan@gonzalez.com,Hoover-Savage College,fake/14_aadhaar.png,2025-07-06T18:26:20.064084
4fff3b63-f02b-4232-bebd-7660ce1cbfa3,Matthew Ross,1458685014,157,carlsonmichael@graham-joyce.com,Lam-Lee College,fake/15_aadhaar.png,2025-05-11T18:26:20.065466
b44e1197-39ed-4057-acaa-f6e73c53b5ca,Jeffrey Meyer,5615951484,103,jamesortega@yahoo.com,"Adkins, Thompson and Carroll College",fake/16_aadhaar.png,2025-05-22T18:26:20.066538
d2fd88d3-a5ad-4422-881f-07b41edaf954,Roy Torres,6995777387,124,cardenaskaren@hotmail.com,Walker-Gonzalez College,fake/17_aadhaar.png,2025-06-03T18:26:20.067603
295c8e3e-1cf4-4042-8602-05b7b92180c2,David Alvarez,7693676320,143,pwilliams@bryant.net,"Larson, Dodson and Vance College",fake/18_aadhaar.png,2025-06-23T18:26:20.068886
a72ae5f4-2d4f-4999-ba66-11742c87d688,Michelle Wagner,2774348734,173,matthew81@hernandez.com,"Lewis, Perry and Rivera College",fake/19_aadhaar.png,2025-05-24T18:26:20.070052
b2d9a264-ff4a-4b05-b39d-d076a6fb4968,Antonio Wall,9096705466,153,brobinson@johnson-rogers.biz,"Martin, Mcdonald and Anderson College",fake/20_aadhaar.png,2025-06-15T18:26:20.071613
d7bf8a54-9f09-4d47-bf32-7ab9b7183d2c,Alyssa Long,1627204653,108,karen64@gmail.com,Smith-Ryan College,fake/21_aadhaar.png,2025-05-25T18:26:20.072949
a602a319-cd43-4a83-a6e0-603356d01829,Mrs. Marie Harrington DDS,3309232719,113,catherinestuart@hotmail.com,Strickland and Sons College,fake/22_aadhaar.png,2025-07-02T18:26:20.074117
e266dcac-9306-4269-aab2-204c2e237c43,Ashley Johnson,9663193149,118,estanley@hotmail.com,"Peterson, Atkinson and Short College",fake/23_aadhaar.png,2025-06-22T18:26:20.075392
2d9d3f80-971d-442c-9c98-6a9b885a2d90,Tyler Reid,2628498776,106,ramirezshannon@hudson-barnett.com,Snyder LLC College,fake/24_aadhaar.png,2025-06-28T18:26:20.077354
7ffa51e0-70e7-4a48-b10b-b442499b5e79,Daniel Salinas,4948083136,163,bwest@gmail.com,Walker-Holt College,fake/25_aadhaar.png,2025-05-21T18:26:20.078676
b9785e3a-216d-4919-b363-42721db41b7b,Kevin Kennedy,6855744431,162,javierwashington@lawrence.com,Phillips LLC College,fake/26_aadhaar.png,2025-06-26T18:26:20.080308
869ffe7e-20f6-4f5c-a041-6c0f999f54ea,Adrian Ferguson,0084271094,104,tammyking@yahoo.com,Short Group College,fake/27_aadhaar.png,2025-05-18T18:26:20.081315
3dd8c1e7-e3eb-4425-aa5a-4ad1a72f48a1,Kenneth Parks Jr.,1318699938,193,ntorres@gmail.com,"Choi, Garcia and Farmer College",fake/28_aadhaar.png,2025-07-02T18:26:20.082306
db443889-416e-4971-8099-4ef7380938a5,Deborah Miller,2812067974,123,ojones@yahoo.com,"Lawrence, Lara and Gonzalez College",fake/29_aadhaar.png,2025-06-26T18:26:20.08309
67af42de-d71d-4129-baa1-52e5fde3dca9,Danny Hernandez,2102499471,136,mkim@gmail.com,Navarro-Munoz College,fake/30_aadhaar.png,2025-07-04T18:26:20.083971
f0a9dee2-4009-47e7-a4e4-f5b3a5611aad,Darryl Craig,4902787429,140,ricky51@gmail.com,Jenkins-Simpson College,fake/31_aadhaar.png,2025-05-20T18:26:20.085019
10187bb8-1a84-45d2-a7a4-552b24cd4295,Jennifer Hodges,7154516808,126,cindy77@harris.com,Kim-Wolfe College,fake/32_aadhaar.png,2025-05-23T18:26:20.085966
ff247afb-f409-4e40-8ea7-adec6edffe4e,William Lynch,2480861317,115,robert77@gmail.com,Arnold-Reyes College,fake/33_aadhaar.png,2025-06-13T18:26:20.087055
2644a85c-37fd-4636-afc6-a1ae247ee896,Katie Suarez,4658404499,120,martin86@yahoo.com,Kane-Pollard College,fake/34_aadhaar.png,2025-05-28T18:26:20.087947
a164608d-ec29-469f-ae90-4e6f93925a85,James Chase,0576627028,196,foxstephen@hotmail.com,Ortiz Ltd College,fake/35_aadhaar.png,2025-05-11T18:26:20.08909
70576440-b9ef-442d-9d29-c17d2982f5bf,Angela Harrington,5961586578,142,wendy16@hodges.com,Jackson-Evans College,fake/36_aadhaar.png,2025-06-01T18:26:20.090113
a6b711f9-cc9c-41c0-87ad-fa7c359b5923,Frederick Brown,5623869222,162,jdurham@murray.info,Estrada-Nolan College,fake/37_aadhaar.png,2025-06-07T18:26:20.091169
c4de1a59-1220-4f91-bbc9-4e902bdd8228,Dwayne Payne,7594647436,111,bailey40@hotmail.com,Hill-Knight College,fake/38_aadhaar.png,2025-05-15T18:26:20.091947
4f7a6940-aa5c-4981-a2bd-1686995f197d,Natasha Williams,4395339421,136,jessica14@burgess-thompson.com,"Walter, Diaz and Shaw College",fake/39_aadhaar.png,2025-06-10T18:26:20.093352
a0e7c145-336c-4c89-84da-ea9ca0ffbc1e,Christopher Sloan,4517123685,151,gibsonemily@hotmail.com,Richards-Carson College,fake/40_aadhaar.png,2025-06-16T18:26:20.094294
8321bb61-fb6b-4796-97f5-647eba52b8cb,Ashley Hall,9859317461,134,pwilson@hotmail.com,Price LLC College,fake/41_aadhaar.png,2025-06-27T18:26:20.094926
78e45041-2f93-4cef-9e88-0bbb0844814e,Natalie Bautista,9261796405,132,cory58@howard.com,Davis-Lewis College,fake/42_aadhaar.png,2025-05-31T18:26:20.096175
5b01cecd-ac04-482f-a17a-f08ee99e04c0,Tricia Williams,3293183933,131,michele22@king.com,Smith and Sons College,fake/43_aadhaar.png,2025-06-12T18:26:20.097557
70b68cd0-7539-4595-beaa-ca6428f1fe4d,Alexis Baker,6811775891,148,stephen00@boone-simmons.com,Joseph-Wallace College,fake/44_aadhaar.png,2025-06-04T18:26:20.098563
6c28c772-6671-4787-adf8-f5ff2a05c967,Erica Hernandez,4998569847,133,farrelldebra@le.com,Morgan-Chavez College,fake/45_aadhaar.png,2025-06-09T18:26:20.099719
e9fcd8a9-bb27-4191-857a-d24e7e07aee3,Brandon Simmons,5271111615,134,jenkinsmorgan@yahoo.com,"Williams, Roberts and Edwards College",fake/46_aadhaar.png,2025-06-13T18:26:20.100963
8f7fc9b8-c3f4-4604-b776-b557fa00fa0f,Jordan Moore,3158514936,158,anthony44@bell-white.com,"Sandoval, Jones and Figueroa College",fake/47_aadhaar.png,2025-05-28T18:26:20.10194
6c70cdc0-c084-4dbd-9666-5d11fc0a92e4,Anna Moreno,6752545991,192,nelsonebony@lawson-perry.com,"Wilson, Jordan and Campbell College",fake/48_aadhaar.png,2025-06-21T18:26:20.103125
1e445e3f-252c-491b-88bb-9f99796b6b4b,Katelyn Estrada,3690034324,197,lburgess@james.com,"Hansen, Barnett and Gomez College",fake/49_aadhaar.png,2025-05-24T18:26:20.104035
aac2511e-6d94-479f-b916-c659c2c18996,Patrick Graham,1596966416,153,christopher13@yahoo.com,"Morales, Miller and Harrell College",fake/50_aadhaar.png,2025-05-21T18:26:20.105242
003576bd-a9f1-4e35-b929-1945be16d108,Connie Maxwell,8188355231,105,kathleenrios@bean.info,Webster-Wolf College,fake/51_aadhaar.png,2025-05-28T18:26:20.106156
ab27ed1d-a998-4753-a7d0-97a783c2dbd3,Thomas Cunningham,5271774490,192,dhayes@yahoo.com,Jones-Lin College,fake/52_aadhaar.png,2025-06-24T18:26:20.106878
519a8362-9d47-455a-a3e9-582c3556e07a,Lisa Hunter,9807935978,116,toni18@thompson.info,"Mills, Moore and Watson College",fake/53_aadhaar.png,2025-05-22T18:26:20.108055
2db89f5b-9d60-4eaa-8847-197ef98337ce,Jason Morgan,5151864492,128,kyle62@fletcher.com,Santiago Ltd College,fake/54_aadhaar.png,2025-05-23T18:26:20.109184
f06a06dd-2ea3-4697-ad32-6807b351a65f,Susan Davis DDS,0542357332,174,stanleynancy@anderson.org,Griffith Inc College,fake/55_aadhaar.png,2025-05-18T18:26:20.110245
0bff0860-fda9-45cc-a47b-29e7bb416c6d,Michael Young,9473834735,116,ashaw@gmail.com,Solis and Sons College,fake/56_aadhaar.png,2025-06-17T18:26:20.110829
4f1bfd73-6e4f-414f-a85a-a44e745ecad5,Amy Castillo,8181412478,134,bwilkerson@brown-shaw.com,Vang-Brooks College,fake/57_aadhaar.png,2025-06-10T18:26:20.111767
3fe23905-6b7e-4189-8951-c2ac72694731,Timothy Combs,2204727790,101,anaacosta@henderson.com,Allen Ltd College,fake/58_aadhaar.png,2025-05-10T18:26:20.113103
53d3db8c-cccd-43ad-9bc2-55fb845b3558,Joyce Rodriguez,9808932460,136,elizabethmiller@yahoo.com,Ashley PLC College,fake/59_aadhaar.png,2025-06-24T18:26:20.113777
2dbacb48-9cf0-4f50-9d67-28e3c43608fe,Virginia Spencer,7065405153,159,bellmatthew@thompson.info,"White, Taylor and Baldwin College",fake/60_aadhaar.png,2025-06-14T18:26:20.115169
52b2a8c4-cb23-4733-9641-f2c26e318664,Amanda Harris,0548687403,170,david56@yahoo.com,"Gonzales, Huber and Morgan College",fake/61_aadhaar.png,2025-05-22T18:26:20.116008
ff663e5e-00f1-44b5-8f6b-d094251328cb,Michael Richardson,1616928451,101,bmorrison@gmail.com,"Wallace, West and Acosta College",fake/62_aadhaar.png,2025-05-17T18:26:20.117198
255b5181-ed0d-4571-9eef-db721a33d18f,Lisa Graham,1658202970,170,patrick90@hotmail.com,Shelton LLC College,fake/63_aadhaar.png,2025-05-14T18:26:20.117889
d358439d-7127-4f1e-8cab-5f3e20e79605,Phillip Berry,6543102786,133,nlewis@yahoo.com,"Hendricks, Henry and Martinez College",fake/64_aadhaar.png,2025-06-23T18:26:20.118693
8c350ba0-6fd3-479f-b0f7-4e3ae291a67d,Jodi Roach,1551884422,138,laurayoung@johnson-spencer.com,Lara-Arnold College,fake/65_aadhaar.png,2025-05-29T18:26:20.119754
5dce15a3-e6b1-4882-8c5b-fb2e9d7871e2,Angelica Parker,8669125177,159,ryanbartlett@guerra.com,Martin-Morris College,fake/66_aadhaar.png,2025-06-26T18:26:20.120879
15b8f107-0991-4d2c-9776-92d5d461214b,Hannah Everett,1438424981,175,donnale@morgan.com,Williams Ltd College,fake/67_aadhaar.png,2025-05-11T18:26:20.122165
45973761-bc1b-4eaa-9570-13e2d181692c,Deborah Clark,9078447364,101,dperry@peterson.com,"Flores, Travis and Reed College",fake/68_aadhaar.png,2025-06-13T18:26:20.123161
d70d883f-bf0d-471c-abec-ddc384a8f29f,Philip Robertson,5371473210,162,sydneybarrera@yahoo.com,"Griffith, Lee and Moore College",fake/69_aadhaar.png,2025-05-25T18:26:20.12423
4fc942bd-2112-4df1-95fd-903f93f50f89,Julie Koch DDS,6873395004,125,booneryan@yahoo.com,"Diaz, Powell and Williams College",fake/70_aadhaar.png,2025-05-31T18:26:20.125337
4ecb1581-d606-4532-a938-4513a88dfe9e,Justin Cox,1687849912,141,kari39@hotmail.com,Porter-Williams College,fake/71_aadhaar.png,2025-06-16T18:26:20.126047
d585960f-f489-4dde-baca-1aecceaa0627,Gary Wells,2982595269,153,thomas05@yahoo.com,"Rodriguez, Butler and Parker College",fake/72_aadhaar.png,2025-06-25T18:26:20.126898
f19b2b39-017c-4f6e-8eff-f7bc52d74051,Shelby Soto,4993097289,122,leescott@hernandez-vaughn.biz,"Hampton, Knapp and Salas College",fake/73_aadhaar.png,2025-07-03T18:26:20.128227
ececa096-9aea-4fbd-afe2-ac2de2800f7d,Amy Taylor,8578652785,152,susanramirez@yahoo.com,David LLC College,fake/74_aadhaar.png,2025-06-16T18:26:20.12942
a7fcb9a2-53e1-4014-8c4a-8f028b06ca52,Michele Vaughn,5758441986,156,robertsjennifer@yahoo.com,Douglas-Burgess College,fake/75_aadhaar.png,2025-06-17T18:26:20.130695
270c72aa-3894-4f97-a008-a89025f08fc7,Ronald Nelson,2199330833,172,xgarcia@gmail.com,Oconnell and Sons College,fake/76_aadhaar.png,2025-06-16T18:26:20.131559
e9231f89-76af-4199-9f6d-c8b697a53b16,Timothy Johns,3454019380,171,lfrench@hayden.com,Bradley-Rodriguez College,fake/77_aadhaar.png,2025-05-20T18:26:20.133491
98c3c4fc-8fad-4678-84a8-1351359cb091,Mrs. Virginia Daniels,2874315274,196,gregorychase@yahoo.com,Robertson-Miller College,fake/78_aadhaar.png,2025-06-11T18:26:20.134807
b71c8071-a614-4256-80a7-29b9d1cb5e49,Cathy Taylor,3046374549,150,bryanwilson@yahoo.com,Sullivan PLC College,fake/79_aadhaar.png,2025-06-17T18:26:20.13608
9b8d6ab7-a701-4b85-9568-3f30793a6c83,Stacy Carrillo,4593327279,179,kathleenbecker@hotmail.com,Fox PLC College,fake/80_aadhaar.png,2025-05-28T18:26:20.137177
302c2367-274f-4b49-b2db-c1d5c3fe3b12,Angela Elliott,8839822587,110,nolansean@gmail.com,Anderson-Perry College,fake/81_aadhaar.png,2025-07-04T18:26:20.138383
27aa3df7-e1dd-4f0a-8590-abf75f966611,Kristin Chambers,0640391065,136,ajohnson@mack.biz,Haney-Reyes College,fake/82_aadhaar.png,2025-06-05T18:26:20.139571
bdd106c2-6654-4f82-b48b-0de32c2b6823,Susan Bennett,5128682300,189,pmorrow@yahoo.com,Moore-Lopez College,fake/83_aadhaar.png,2025-05-07T18:26:20.140523
12e0ac14-5b17-4252-b143-117d8efe7133,Pamela Johnson,9033119079,190,nyoung@gmail.com,Gordon LLC College,fake/84_aadhaar.png,2025-05-22T18:26:20.14154
62e2d56f-cb74-4d28-aa64-3f05c642001b,Thomas Johnston,3428364408,130,comptonshelly@hotmail.com,Floyd-Flores College,fake/85_aadhaar.png,2025-06-01T18:26:20.142608
516bb419-713e-433c-a4ea-3e178a972090,Chase Bennett,3342708668,176,james17@davis-hardy.com,Adams Ltd College,fake/86_aadhaar.png,2025-06-28T18:26:20.143582
f23c4194-d6b4-43a5-9291-b29993878bb0,Amanda Jones,7354033173,154,kimberly67@wong.info,Garcia-Zavala College,fake/87_aadhaar.png,2025-07-06T18:26:20.144965
0b7dcef2-1fbf-49f2-b283-9a42889cb457,Ryan Rocha,5609320489,105,markjames@porter.com,Hines-Burns College,fake/88_aadhaar.png,2025-05-10T18:26:20.146053
0c3d5c89-1b26-4d13-a617-17b0c0972cd2,Nancy Murray,2287280801,185,carloshernandez@wagner.com,"Little, Peck and Durham College",fake/89_aadhaar.png,2025-07-02T18:26:20.147257
e0b2ee12-41b7-4495-a0de-165c0561195d,Alexis Patel,0084840862,120,jamesfox@adams-sanders.com,Stevens-Sanchez College,fake/90_aadhaar.png,2025-06-21T18:26:20.148622
42b136a9-762f-4272-b52e-210555cddfee,Elizabeth Clayton,0166687002,142,jacobsonsamantha@gmail.com,Valenzuela Ltd College,fake/91_aadhaar.png,2025-05-25T18:26:20.149529
5a3bd2c7-cd28-4671-b2cf-e9efb656ca0e,Karen Williams,4890250392,140,ashleyatkinson@mosley.com,"Ramsey, Mason and Mccann College",fake/92_aadhaar.png,2025-07-02T18:26:20.151178
e3d1c93a-db59-401a-b807-d6ef53ba167a,Jeffrey Roberson,9996504773,160,eringuerrero@gmail.com,"Phillips, Wright and Jones College",fake/93_aadhaar.png,2025-06-17T18:26:20.152168
cc102aeb-2012-4c51-baf6-d7b28879a5a0,James Bowers,6551104754,188,jcole@russell.com,"George, Nguyen and Cruz College",fake/94_aadhaar.png,2025-06-27T18:26:20.153758
397ffb87-70fe-49a1-8104-6bd2ed58fff9,James Miller,9826224447,181,robert71@yahoo.com,Raymond-Le College,fake/95_aadhaar.png,2025-06-05T18:26:20.154452
bb197fd4-f6c3-47e3-a7f6-684ce4e83dc3,Luis Ellis Jr.,6596575692,184,zedwards@carter-neal.info,"Casey, Nguyen and Ramirez College",fake/96_aadhaar.png,2025-06-04T18:26:20.155597
c8a898c2-44b6-4514-b76d-3eb3c351e343,Holly Frederick,9828073741,113,johnnymoore@yahoo.com,Jones-Ewing College,fake/97_aadhaar.png,2025-06-24T18:26:20.156515
4dc39f13-1fa1-46c5-8f51-adc983d1a21c,James Hunter,8058911352,120,tammy61@gmail.com,Green PLC College,fake/98_aadhaar.png,2025-05-07T18:26:20.15716
3aa56e2a-7e83-4de0-93b8-39522605a7d3,Kristin Watts,7567982507,178,guerrajessica@collins-gibson.com,"Webb, Alvarez and Kim College",fake/99_aadhaar.png,2025-05-22T18:26:20.158614
3237694f-c037-4080-b5b7-a68fc3cc8c4b,Mary Sreeja Thirumala Reddy,9088390950,101,607 N GRAND BLVD,slu,f3fa73d5-b310-4afb-a6dc-cd60eef36563/Screen Shot 2025-06-13 at 8.16.40 AM.png,2025-07-06T21:15:10.500255
